Age,Income,Gender,Education,Target
39.96714153011233,70990.33154879004,female,master,1
33.61735698828815,63869.50524369153,male,master,1
41.47688538100692,50894.45554880261,female,master,0
50.23029856408026,40295.94833441639,male,bachelor,0
32.658466252766644,60473.34970420385,male,bachelor,1
32.6586304305082,55902.28078132625,female,highschool,1
50.79212815507391,63427.89830041598,male,master,1
42.67434729152909,59527.57702522954,female,bachelor,0
30.305256140650478,65743.29072979002,female,bachelor,1
40.42560043585965,41971.47182659148,male,bachelor,0
30.365823071875376,69760.91098451489,male,bachelor,1
30.34270246429743,52963.994070386,female,bachelor,0
37.41962271566034,81128.91308937898,female,master,1
15.86719755342202,39662.18272865648,male,master,0
17.750821674869673,76039.45704747873,male,master,1
29.377124707590273,52968.66175193972,male,master,0
24.87168879665576,40228.72994578327,male,highschool,0
38.142473325952736,42741.71248918518,female,master,0
25.91975924478789,45194.7903770852,female,bachelor,0
20.876962986647086,56362.48919602875,female,master,0
49.65648768921554,57842.5323205325,female,highschool,1
32.74223699513465,41394.49994092131,male,bachelor,0
35.67528204687924,49634.68111608526,male,master,0
20.752518137865433,82134.05537917795,female,master,1
29.556172754748175,75913.14755151067,female,master,1
36.10922589709866,56544.85504511048,female,bachelor,1
23.490064225776973,50570.05217252301,female,bachelor,0
38.75698018345672,51800.46990077392,female,highschool,0
28.99361310081195,59202.769590956246,female,bachelor,1
32.083062502067236,34658.111522023915,female,bachelor,0
28.98293387770603,46139.35193864982,female,master,0
53.522781845089376,24971.238891836158,female,bachelor,0
34.86502775262066,55988.34683907919,male,master,1
24.422890710440996,59707.939095541115,female,master,1
43.225449121031886,42752.20306550939,male,bachelor,0
22.791563500289776,73609.80144935049,male,highschool,1
37.08863595004755,31613.515054964882,female,highschool,0
15.403298761202244,28034.376796852695,female,bachelor,0
21.718139511015693,53366.77727839958,male,highschool,0
36.96861235869123,65706.47453918232,male,master,1
42.38466579995411,75258.91537186803,female,master,1
36.7136828118997,43116.7360569659,male,bachelor,0
33.843517176117594,66180.21250146943,female,highschool,1
31.988963044107113,49422.372957489395,female,highschool,0
20.214780096325725,47410.59050088771,female,master,0
27.801557916052914,63254.89906230009,male,bachelor,1
30.393612290402125,59784.84317620129,male,highschool,0
45.57122226218915,26354.11764523626,female,bachelor,0
38.43618289568462,72148.10524588844,male,highschool,1
17.36959844637266,70701.37031221177,male,master,1
38.24083969394795,40616.55947735706,male,master,0
31.149177195836835,55937.05300156114,male,bachelor,0
28.230779996940413,57410.45279424108,male,master,1
41.11676288840868,53910.10648735861,male,highschool,1
45.30999522495951,41745.422692318694,male,master,0
44.31280119116199,39925.64948092923,female,bachelor,0
26.607824767773614,49616.688935128324,male,bachelor,0
31.907876241487855,67590.93528889047,male,bachelor,1
38.31263431403564,58154.002318916486,male,highschool,1
44.75545127122359,44440.78501870841,male,highschool,0
30.2082576215471,61575.48065972517,male,highschool,1
33.14341023336183,7271.8606905488705,male,highschool,0
23.936650259939718,67231.48550558156,male,highschool,1
23.037933759193294,23904.293318328506,male,master,0
43.125258223941984,44563.38587895302,female,highschool,0
48.56240028570823,33204.95158060784,male,highschool,0
34.27989878419666,30579.777864186413,male,master,0
45.03532897892024,67412.4018106778,male,highschool,1
38.61636025047634,42984.48198032163,male,bachelor,0
28.548802453948756,55197.55822596073,female,highschool,0
38.61395605508414,49296.19131681224,female,highschool,0
50.38036566465969,57155.612408346824,female,bachelor,1
34.64173960890049,51152.32836590383,female,bachelor,0
50.64643655814006,30755.116637171457,female,bachelor,0
8.802548959102555,64944.002291707104,female,bachelor,1
43.21902504375224,42593.65125258031,female,highschool,0
35.870470682381715,26651.271520103735,female,bachelor,0
32.009926495341325,43578.27258551131,female,bachelor,0
35.91760776535502,72511.39685951466,female,master,1
15.124310853991073,62753.32613170239,female,bachelor,1
32.80328112162488,44770.21798388211,female,bachelor,0
38.57112571511746,44761.13443522357,female,master,0
49.77894044741516,45175.47423173926,female,master,0
29.817297817263526,81151.21975341262,female,highschool,1
26.915063971068122,55729.0317834733,female,master,0
29.982429564154636,56450.624707866045,male,highschool,1
44.15402117702074,65454.25181047763,female,master,1
38.287511096596845,53581.8373853977,male,master,1
29.702397962329613,46114.36781268945,female,highschool,0
40.13267433113356,47054.75226372533,female,master,0
35.9707754934804,48925.98110878904,male,highschool,0
44.68644990532889,49441.66645235238,female,master,0
27.979469061226474,60914.4431545547,male,bachelor,1
31.723378534022316,50779.18828710949,male,master,0
31.078918468678424,60989.60115823369,male,highschool,1
20.364850518678814,48789.251298371266,female,master,0
37.96120277064576,51179.52785474136,female,highschool,0
37.610552721798896,20026.989732018385,female,highschool,0
35.05113456642461,63744.91512053722,male,bachelor,1
32.65412866624853,55197.32713846989,male,bachelor,0
20.84629257949586,64970.15164789478,female,highschool,1
30.79354677234641,6556.1693270946635,female,master,0
31.572854834732304,81325.62057171091,female,highschool,1
26.97722730778381,47906.15557767239,female,highschool,0
33.387142883339905,66622.74225106275,female,master,1
39.040508568145384,34401.411093117036,male,master,0
53.8618590121053,59191.608575938546,male,master,1
36.74577812831839,34198.76655239516,male,master,0
37.57550390722764,40643.465589562926,female,highschool,0
34.25554084233833,78710.4703080018,male,highschool,1
15.812287847009586,47139.7639885498,male,bachelor,0
34.73486124550783,53261.49309769584,male,highschool,0
35.60230209941027,63051.015960331315,male,master,1
59.63242112485286,57435.22831958907,male,bachelor,1
33.076390352188774,52256.28357715365,female,master,1
38.015473423336125,55474.41503699338,male,highschool,1
34.65288230294757,86051.23377857413,female,bachelor,1
23.313219623804677,49135.71804449622,female,master,0
46.42822814515021,53016.485700724515,female,bachelor,1
42.519330326867745,65759.81594011417,female,bachelor,1
42.910319470430466,66582.88899436976,female,highschool,1
25.90612545205261,67805.4545834057,male,master,1
49.02794310936099,59580.95333043777,male,bachelor,1
20.981489372077192,32854.92630904275,female,bachelor,0
40.868570938002705,74501.47298451644,female,master,1
56.90455625809979,32804.81910471968,female,bachelor,0
25.094636748693116,54539.531978585495,male,bachelor,0
29.33702270397228,38685.86224970963,female,bachelor,0
35.99651365087641,49037.92480110511,male,master,1
29.965243458838007,54931.436154552204,female,master,1
19.493365689338674,54820.35823175409,male,master,1
35.68562974806027,56328.81131352927,female,master,1
24.37696286273895,74205.6690358797,male,highschool,1
39.73592430635182,56803.014522709695,female,bachelor,1
25.80575765766197,46337.65047064027,male,master,1
50.499344050175395,64461.307524325355,male,bachelor,1
27.167467076637628,67842.05733386961,male,bachelor,1
31.779384837943244,31585.88277294511,male,highschool,0
43.135172173696695,58961.00104774787,male,master,1
22.69135683566045,60517.591134663475,male,master,1
37.27459934604129,45536.54744960012,male,bachelor,0
48.07142754282428,70635.6021996743,female,master,1
18.925167654387725,47749.1661945121,female,bachelor,0
36.84633858532304,51883.64680207313,female,bachelor,0
37.598827942484235,47403.922635741954,female,highschool,0
42.8182287177731,50233.685713722014,female,highschool,0
22.63049289121918,33555.87369657197,male,highschool,0
21.795433869157236,28399.236761085584,male,bachelor,0
40.21941565616898,73917.57594837458,male,master,1
37.96984673233186,37295.57977522508,male,highschool,0
37.504928503458764,35129.114758155396,male,master,0
38.46448209496975,17699.148295944276,female,highschool,0
28.199752784215093,40415.57378465746,female,highschool,0
37.322536971610035,30153.653098887524,female,bachelor,0
37.93072473298681,74630.22740204554,female,highschool,1
27.85648581973632,65147.25634013952,male,highschool,1
53.65774511144757,39677.74482233414,male,bachelor,0
39.73832920911788,83786.53708016463,male,master,1
23.086965027973513,64726.48230487391,female,highschool,1
41.5655360863383,45127.529247370665,male,bachelor,0
25.253183297726785,12508.914276896401,female,highschool,0
42.87084603742452,84364.13858886113,male,bachelor,1
46.58595579007404,29156.41299854606,male,master,0
26.793176816482895,25319.01879564662,female,master,0
44.63376129244322,65338.5564801446,male,bachelor,1
39.12780926936498,86596.28609508909,male,bachelor,1
43.2206015999449,70764.09227765776,female,bachelor,1
53.967929826539475,58458.636800785396,male,master,1
32.54611883997129,58921.315124979286,female,highschool,1
27.462638356425103,62801.23338170462,male,master,1
26.104855703744768,61383.92884680148,male,bachelor,1
26.841897150345616,54217.87135954064,male,bachelor,0
34.228982905858956,51563.01655927814,male,master,1
38.41151974816644,49061.103081507164,male,bachelor,0
37.766907993300194,38690.531166999855,male,master,0
43.27183249036024,45789.87384699839,male,bachelor,0
35.13001891877907,24605.647787069218,male,highschool,0
49.53534077157317,48524.90559807875,female,highschool,0
32.35343166762044,35171.133392736236,female,bachelor,0
62.20169166589619,33446.160241763435,male,master,0
41.25667347765006,52698.41226730218,male,highschool,0
26.428424435837172,70880.034295169,female,master,1
24.291075019388877,63774.7490900347,male,bachelor,1
39.824724152431855,26442.490945652346,male,master,0
32.76537214674149,35155.57795144494,female,highschool,0
42.14000494092092,64111.567819823234,male,master,1
39.73237624573545,35262.68909692536,male,master,0
34.271710873431275,46630.50275004463,female,bachelor,0
26.53206281931595,58250.78148536828,male,bachelor,1
19.851527753141355,35474.83317704547,male,bachelor,0
30.53485047932979,51580.6325921894,female,highschool,0
43.56398794323472,29989.617576226934,male,highschool,0
37.14093744130204,40979.48534073179,female,bachelor,0
22.54261221288012,54796.72901213806,male,bachelor,0
36.73180925851182,26105.09399702496,male,highschool,0
38.85317379728837,56607.121069405985,female,highschool,0
26.16142563798867,49705.433016099785,female,highschool,0
36.53725105945528,58287.34931625721,male,highschool,1
35.58208718446,53358.712010969924,female,bachelor,1
23.57029702169377,70462.10644960766,female,highschool,1
38.577873603482836,51878.36753971861,male,bachelor,1
40.60784526368234,43558.91688312121,male,master,0
45.830512431752766,51834.46254548425,male,master,1
45.53802052034903,58149.470435545816,female,highschool,1
21.22330632042909,50732.901054885566,female,master,1
25.621749600848773,50608.87536805824,female,master,1
40.1503526720866,39470.12468289867,female,master,0
40.13785950912209,40056.48623673578,male,highschool,0
40.150476863060476,28960.920923004596,female,highschool,0
73.52731490654722,76243.65114780409,male,master,1
40.70890510693167,31342.051469130725,female,bachelor,0
46.35565640180599,39606.42203306139,male,master,0
44.54001763493203,39223.89101646204,male,highschool,0
41.51391251305798,63423.86565416662,male,highschool,1
31.847307553596544,45575.75482561958,female,highschool,0
42.589692204932675,68716.131090106,male,master,1
27.27174785462428,39897.640636341974,male,bachelor,0
32.63181393259991,54184.91243335703,female,highschool,0
30.146364521708964,37469.794201103636,male,highschool,0
35.81874139386323,82177.23691660083,female,master,1
58.146585666735085,32186.02371455731,female,bachelor,0
16.32734807408252,54647.31065340541,male,master,1
41.86260190374514,59506.65321398148,male,highschool,0
18.872841288103483,56206.986461772474,female,bachelor,1
30.280681342105666,47220.68511683438,male,bachelor,0
45.889505969673664,48052.689503998605,female,highschool,0
35.64280019095463,50657.17207968664,female,bachelor,0
24.222552220706937,47794.96997557267,female,bachelor,0
27.846962907400318,64458.18675192365,male,master,1
41.79597748934676,83157.84502387026,female,highschool,1
27.696333682828634,41637.623224882496,male,highschool,0
37.16458589581975,29452.955306313834,male,highschool,0
35.45571839903814,48675.76927473118,male,highschool,0
28.48399652394183,88695.64006481477,male,highschool,1
56.439440893253256,37944.88148045404,female,bachelor,0
41.33919022318011,74586.75208166102,male,master,1
14.74857413342393,75165.51221114662,female,highschool,1
36.86454314769428,41696.176374380084,female,master,0
28.38213535231612,58534.74618777913,male,master,1
43.52433334796224,74425.94934692807,female,bachelor,1
27.074792615672994,44313.08388518769,female,highschool,0
33.85263558533101,46946.29459846457,male,bachelor,0
40.049872789804574,41274.786290770346,female,highschool,0
43.657551941701215,34778.649039607,female,bachelor,0
22.997035929442237,40260.83682400989,female,master,0
31.654987641590516,31640.895998566153,female,highschool,0
30.25054688839044,50511.25202388839,male,master,0
28.46670767426288,38450.40153412038,female,master,0
52.65454240281097,53506.788676861215,female,bachelor,0
39.049817109609556,26661.56530694559,female,highschool,0
22.391160456649548,54963.20348321686,female,master,0
44.17861947054776,62502.93442413387,male,bachelor,1
56.22156197012633,20093.96536142817,female,highschool,0
45.32465260551147,55610.848547713584,male,highschool,1
19.806300340459867,68415.03488709938,female,master,1
30.157659271337486,31855.38471963192,male,highschool,0
47.669111491866225,75088.58580256555,male,master,1
27.923305343812192,56285.285140490676,male,highschool,0
39.43819428146229,39424.82216362387,male,bachelor,0
42.74634053429337,49163.46383513441,male,master,1
25.73069528421917,58374.903687825834,female,master,1
34.404746439382,51140.080871186176,female,highschool,0
2.5873265993092716,58081.33988669554,female,highschool,0
24.756123586657104,36189.89610380951,male,master,0
32.4743184860684,52540.41236054117,female,highschool,0
22.522168180351507,28794.282546425296,male,bachelor,0
51.32411303931635,48331.60907976949,male,highschool,0
20.698586220393672,36441.38537802815,female,bachelor,0
30.59955513303016,38967.050861153504,female,bachelor,0
36.30740577286091,68541.39762815656,male,bachelor,1
49.412732890661154,66369.65180891403,male,bachelor,1
20.641378488205607,59137.071813607654,female,bachelor,1
46.63163752154959,33615.308529911315,female,highschool,0
35.10233061019587,45253.87325457797,female,bachelor,0
25.18491348952049,68196.46549968775,female,highschool,1
39.62103474263271,52125.753704598574,male,bachelor,1
36.9905969557347,84789.94309972541,female,master,1
28.997831228412053,55899.76759091558,female,bachelor,1
35.69802084990019,52880.73674735047,female,master,1
31.1468640313824,45363.25303696248,male,bachelor,0
36.13517345251248,52003.11357173423,male,bachelor,1
41.62130674521047,47712.952454291844,male,bachelor,0
50.86016816145352,60621.630150328856,male,master,1
22.62184501173151,64350.53475191876,female,master,1
56.330333746562665,38210.158092380756,male,bachelor,0
15.479122004774982,30031.50569663333,female,highschool,0
33.482149049644164,22456.919403450553,female,bachelor,0
40.883172064845766,57619.86990368816,female,master,1
37.809918677350325,33449.50090739189,female,bachelor,0
28.773004801794063,17706.64110571276,male,master,0
32.918777496427246,55828.67906796446,male,master,1
30.069990653411672,87394.99276149186,male,master,1
29.106352430557884,49908.9363269016,female,bachelor,0
43.496020970210246,62577.36161677463,female,master,1
38.57015485965047,51227.440378213476,female,master,0
28.07090404739346,48516.65520213286,female,bachelor,0
43.995998754332504,63786.14724481653,female,master,1
38.072995208766095,45645.88183717023,male,bachelor,0
43.1286211883896,54010.88471107854,female,master,1
41.29628841923612,54825.467092940205,male,highschool,1
26.710049890779278,39978.64319535427,female,highschool,0
29.398189598030307,64880.635243047844,female,master,1
42.472936051232615,47375.60364956887,male,highschool,0
41.10370265433465,38663.82260760733,male,bachelor,0
34.79098406035852,58047.64765355605,female,highschool,0
36.17327383308782,36522.98027313444,female,master,0
47.77664895788425,50422.717360536924,female,master,0
29.084286111641703,49863.21505033695,female,bachelor,0
40.470973811700375,66288.43348747367,male,master,1
32.97807347566106,57120.47349319929,female,bachelor,0
32.8231879677278,49624.595618822845,male,highschool,0
45.9877685198719,62266.494488004304,female,highschool,1
43.2541634898803,70853.1132352597,male,bachelor,1
43.135096360006386,58367.154595277934,male,bachelor,1
48.05478807154329,50155.28929765071,female,master,1
35.21003841632759,30322.456514747606,male,highschool,0
41.81952971294964,34023.29505386941,female,bachelor,0
31.89733243406544,45421.629434679984,male,highschool,0
38.24166352488442,40857.31696761075,female,bachelor,0
33.698569456323156,47195.43045521831,male,highschool,0
35.96995964992718,50849.74887345661,female,master,0
40.95157025436914,57945.391315350964,female,highschool,1
26.817793167665275,48942.518329113635,male,highschool,0
55.92387275685461,57297.52465739303,male,highschool,1
24.93982618500298,50967.1162221518,male,highschool,0
22.85811387212268,20368.00150469193,male,highschool,0
46.581108735000676,35909.96909271869,female,master,0
42.91662693962936,47838.686664175766,male,bachelor,0
41.24119817052155,31854.578857383385,female,highschool,0
41.2834550926428,58998.93094994307,male,master,1
34.87753227153085,72961.26248515546,female,highschool,1
26.027456285141685,68281.42777545974,female,highschool,1
35.75804558193726,46798.35693604688,female,bachelor,0
28.228382884878883,72360.89205274929,female,highschool,1
44.75119733417751,52230.01185803167,male,master,1
33.52942618497861,44943.71043322941,male,master,0
26.745028032074885,40798.960046885906,female,bachelor,0
31.786141583470066,45462.95470267808,male,highschool,0
39.12931454275624,44177.34772188157,male,master,0
29.36275447196025,52556.243335632316,female,highschool,0
26.777796044335687,52408.60971574797,male,highschool,0
37.436872114919126,50045.69030230122,male,highschool,0
37.44966571108723,56554.072546195246,male,bachelor,1
29.9305682462887,67859.69412179512,female,highschool,1
30.28961694381677,64243.312031619855,male,master,1
37.32049937357636,27726.53047325145,female,highschool,0
20.519156585026757,11691.182976470678,male,master,0
20.925362256234447,64014.79866858911,male,highschool,1
27.81555778747564,29496.819523768685,male,master,0
32.86552848288153,46628.518971609745,female,master,0
38.10907565598005,32448.304609109608,female,highschool,0
49.753562169495524,22970.293436299704,male,highschool,0
43.576596232020194,58121.94092307182,female,master,1
33.40061470036573,61387.327404539705,male,bachelor,1
34.80983792097311,41352.34398909921,female,highschool,0
24.97470635362191,11134.365617826348,female,bachelor,0
34.8148686400761,41806.33327621276,male,highschool,0
32.11341361079862,55877.060081038195,male,highschool,0
38.227185603380896,27816.32646838807,male,highschool,0
26.72769056447677,52750.39879668733,male,highschool,1
40.193465142411725,49770.35226240507,female,bachelor,0
50.32738913002578,58689.37249401632,female,highschool,1
33.91239851543143,51793.705526212296,female,master,0
39.01711722098941,35403.96588677667,male,master,0
41.90143991711113,67948.57252496737,male,bachelor,1
30.987795281141636,47622.05640459545,female,highschool,0
37.24092481810417,49590.43190735102,male,master,0
35.12592400781795,36000.98061390206,female,bachelor,0
35.97676098548832,43350.766232127346,female,highschool,0
27.269902161445337,36727.95928959649,female,master,0
35.245101742589426,47405.809101148654,female,master,0
39.979982912454496,75675.62720213515,female,bachelor,1
49.51143607795042,29421.482856029656,male,highschool,0
44.59270826085207,25796.579031848883,male,highschool,0
56.531824575115564,72067.55491240413,male,master,1
27.326524371119504,46860.14484272201,female,master,0
43.723206367206785,39963.908920101254,female,master,0
36.83342005738352,65598.57031094114,female,highschool,0
56.89802933217672,40915.766903947035,female,bachelor,0
26.917017146448487,77390.14570320403,male,bachelor,1
26.60278157819224,60168.88807008904,male,highschool,1
29.00607354555978,42681.32887781446,female,bachelor,0
13.76104275690193,82359.62319898256,female,master,1
29.74244978319239,40914.27615494993,female,bachelor,0
27.40867338446302,61131.430580139604,male,bachelor,1
36.50393786476208,54489.38870609738,male,bachelor,0
38.41755975777159,69526.11934098197,male,master,1
53.761708392158866,73422.66795090279,female,highschool,1
44.5042383818605,50480.0622359865,female,master,1
29.23096344337597,38698.73194480725,male,highschool,0
26.01585328651642,56899.582144086744,female,highschool,0
39.919191715065054,39834.26945371841,male,highschool,0
21.797667929793576,80200.80871289935,female,bachelor,1
53.31458765854354,52048.02996624106,male,bachelor,1
46.79440120721287,44520.17673031837,female,highschool,0
30.308243478952953,52770.204587973625,male,highschool,0
17.868654709091224,29793.10565705455,male,bachelor,0
48.538723741654124,35425.789422340225,male,master,0
33.85460154747382,68006.20861916638,male,highschool,1
47.378163119734616,40146.58581542906,male,master,0
19.05572341205633,34296.3352597709,male,bachelor,0
29.006249770462272,58049.79128790929,female,highschool,0
35.05243699718183,67785.56231994496,female,master,1
35.46980593764742,60784.299659976,female,master,1
30.499345285207564,64940.715287087245,male,master,1
41.228499323474985,38648.073671458085,male,bachelor,0
24.323795706174057,28672.839998872343,female,bachelor,0
33.576205149787064,72520.0047793323,male,master,1
36.20295631711899,45159.802417367966,male,master,0
40.14438834058749,46237.50475317429,male,bachelor,1
42.1161487808889,69922.91212773586,male,master,1
23.753579081621307,58343.4501410099,male,master,1
19.658858292643778,56838.31658122411,female,bachelor,1
47.77676821898509,82475.03517351625,female,master,1
38.323140119795916,40347.22654429785,female,master,0
27.515134634434464,63917.60192121856,female,master,1
50.51151975522523,50855.19687345627,female,bachelor,1
36.156746342928585,54028.88418294885,male,master,1
46.792971840638266,72927.02639618798,male,bachelor,1
35.67518481410109,57617.53634434436,male,bachelor,1
55.60747924881987,58074.441185744494,male,highschool,1
52.55340842443204,66087.61005964704,female,highschool,1
32.51035851520926,44525.70905685672,female,master,0
44.71570950954356,37411.85498991491,female,bachelor,0
41.45375949585147,34327.862089684495,male,highschool,0
48.68631557532349,20504.65115935997,female,master,0
25.350765394198955,80843.10694910484,male,highschool,1
41.86051459998439,33451.87451417475,female,highschool,0
45.58424486849588,46681.19564621342,female,bachelor,0
17.412605135768857,45847.80050166619,male,bachelor,0
23.16741487334225,54611.10046713651,male,highschool,0
14.607678222398995,62236.05818808945,female,highschool,1
32.305931655554424,62907.10232539618,female,bachelor,1
42.17542255795962,41253.83842146592,male,master,0
50.02357052096028,47493.174293203825,female,bachelor,0
35.74094780419775,54238.69925732449,female,highschool,0
51.286155455712915,46269.633107246795,male,master,0
21.198985417851084,74110.18364029989,female,highschool,1
17.966175606448452,57364.62427457377,male,master,1
34.44452301103381,61023.16679074726,female,highschool,1
38.840654489393074,59943.21903001119,male,master,1
34.67305251905907,67602.10786227987,female,master,1
14.325578999601234,52715.3233805556,male,highschool,0
34.10879960487212,30547.5207806623,female,master,0
21.95530499495147,55995.31927628962,male,bachelor,0
41.69672548830039,40229.64659312257,female,highschool,0
38.66598246096848,42070.74977375365,female,bachelor,0
25.60120213672645,58795.4602813264,female,highschool,1
29.861330826633065,68574.24607150453,female,master,1
24.407864781110483,50319.073651040926,female,master,0
34.37320902726828,54632.49518898446,female,master,1
44.551423205012384,75533.22416952858,female,highschool,1
25.142739536644562,53611.297692328524,female,bachelor,0
40.040465155178445,89025.24671270592,female,bachelor,1
29.69742381627559,58482.64468447316,male,highschool,1
27.071271677376558,23588.558612662735,male,highschool,0
33.929696400454425,61300.12431656799,female,bachelor,1
24.647576775806257,55717.37577324166,male,bachelor,0
29.463506946528177,69346.29131124119,female,bachelor,1
23.021221074111516,60097.72026904937,female,bachelor,1
54.64725132916389,47923.16024024339,male,highschool,0
35.35263551971729,31635.526455659514,female,highschool,0
28.002744920074143,46864.65114070962,female,master,0
37.13979910734222,37242.1931868605,male,bachelor,0
33.8767195030917,41292.14825292916,male,master,0
32.79030400466777,58828.67606630914,female,highschool,1
41.14166700043425,75048.56756527109,male,highschool,1
42.57507710047305,55920.07294734471,male,master,1
29.694988523894725,32061.754069472234,female,bachelor,0
29.2418175935532,56669.040023302114,male,bachelor,1
32.24948302848356,67949.47229968477,male,bachelor,1
11.98078835264415,40853.25643520927,female,bachelor,0
19.84808937801448,47989.742499906235,male,master,0
48.66874267444525,50220.32292093796,male,master,0
51.449677135012834,38226.5253037664,female,highschool,0
32.50963960443622,59724.20650765789,female,bachelor,1
40.765569630557664,48185.77777088327,female,bachelor,0
38.112501545435364,56292.98665860542,male,bachelor,0
65.78880808455239,36687.6173329685,female,master,0
46.195749114345766,43438.125495148844,female,bachelor,1
33.72082408519233,60835.72036741657,male,master,1
25.444595593995743,44407.502718623495,female,bachelor,0
18.935536797424277,75904.45776850107,female,bachelor,1
37.03463635867223,44005.45721578097,female,highschool,0
27.436492547156966,53370.27088627829,female,bachelor,0
20.77746290402326,63988.86247809635,male,bachelor,1
28.534271157574736,28724.514006004523,female,highschool,0
24.18451996385605,23587.86782028836,female,master,0
51.871416350725646,27115.15528144858,male,master,0
43.816397569494505,68938.76155140773,female,bachelor,1
34.92027358683383,41722.127811613296,male,master,0
49.79944138890026,88372.98928502378,male,bachelor,1
35.77368307647618,41536.286020139174,male,highschool,0
26.387157986717362,52768.269547955555,female,highschool,0
50.23124077269657,73131.64928851814,male,bachelor,1
40.38910043684659,80091.39332238684,male,highschool,1
24.627538456735437,80922.55364954597,male,highschool,1
33.09661321916392,68125.49345889714,female,bachelor,1
26.24381746615243,65360.93788717194,female,bachelor,1
21.17200269035664,58887.90423801775,female,highschool,0
44.26177547531641,61675.41614249957,female,master,1
54.094166404701305,41732.214255072,female,master,0
21.01432426180859,37727.016748665395,female,bachelor,0
40.62969236690571,49949.38313883572,female,bachelor,0
28.49357430878173,47447.23066212607,male,master,0
30.12874616235304,43201.579260090875,male,highschool,0
29.07606075761131,60445.81171185073,male,master,1
26.36009230320184,64329.57812855766,male,master,1
35.48521627944827,51326.10329437771,female,master,0
26.69049883588962,72162.95121582893,male,master,1
37.704568257798385,32874.66328799742,male,bachelor,0
34.49761890550863,47095.10811080423,male,bachelor,0
32.6105195313359,39247.66519095792,male,highschool,0
25.924363379584022,22001.9507439041,female,highschool,0
29.232286694316674,48759.78971235951,female,highschool,0
42.55391225825756,48173.78737425074,female,highschool,1
40.009171876243805,72701.74614863197,male,master,1
25.22444755201449,59462.17526832166,female,bachelor,1
35.99332305429226,34637.19763506192,male,bachelor,0
42.51387123371789,77811.38849501283,female,highschool,1
18.305947188786284,68315.5054328803,female,highschool,1
40.43360192379935,58731.465552029236,female,master,1
28.373762410541534,46602.738517252525,female,master,0
40.70598668593159,35608.4114491478,female,highschool,0
27.36740843457483,44416.8983589342,male,bachelor,0
16.95117899335481,66331.22929556279,female,bachelor,1
18.724575621168373,78268.79458901913,male,bachelor,1
35.48084946661382,73148.65292408284,male,highschool,1
37.59722501721482,42667.258673205884,male,bachelor,0
25.956833748955916,33205.73850066483,male,master,0
41.38592458777374,52113.29370366806,male,master,1
18.3847993773104,23473.409516557225,female,highschool,0
34.33920201352684,54847.515712771725,female,master,1
22.889838002375434,47785.96120551997,female,highschool,0
28.48163892197841,43009.452471976365,female,bachelor,0
35.47398671316414,26079.453990998067,male,bachelor,0
26.395866347160478,57704.00159854575,female,bachelor,1
31.154444557701748,42009.487405071326,female,master,0
45.0629280921444,32451.24746434568,male,highschool,0
29.231081304768512,6916.066800775261,male,bachelor,0
43.35692112065142,49587.27642424046,female,highschool,0
23.70293145342382,76583.77395004616,female,bachelor,1
40.298041779152825,74918.88821821805,male,master,1
49.415686206579004,43143.55615120592,female,master,0
10.283554998727105,40966.81909457329,female,highschool,0
27.031047445295233,57031.613841125356,female,master,0
40.7707212718054,35024.21841217563,female,master,0
32.96954613957007,54526.87849729199,male,highschool,0
38.71145873371309,61491.204175770356,male,bachelor,0
28.960148132841795,68403.99835826461,male,master,1
35.865897874729,48497.68885280071,female,highschool,0
33.44322764607921,46944.893747345515,female,master,0
46.67782061659807,36830.261198651584,female,master,0
37.54420843301213,37596.7946894021,female,master,0
38.37602662075202,46602.8166214771,female,master,0
30.881230338775325,55510.48260224267,male,highschool,0
30.123937759275066,63703.76939349874,female,highschool,1
30.67441812180379,37952.31573979482,female,highschool,0
38.944521423782966,72390.32853439283,male,master,1
30.79015519179737,45933.14598436147,female,master,0
37.89774856896413,49679.490584773455,male,master,0
55.75400798645439,38791.82481278265,male,highschool,0
43.711247034316926,13636.396095905875,male,master,0
31.73976467832159,63260.68094541575,male,bachelor,1
47.012139221639444,61052.6584563865,male,master,1
30.919246269784487,45780.0866432268,female,bachelor,0
14.618754648221461,51004.86075837308,male,master,0
24.91913689082596,57739.08826556149,male,highschool,1
16.292080789741444,26561.81214670186,female,master,0
31.484865159586914,42064.209839805575,female,bachelor,0
35.184183791895514,61913.970194327405,male,bachelor,1
51.76437312275283,31185.658652461258,female,master,0
38.269273737641626,54403.368982499436,female,bachelor,0
32.80899471191136,29651.272930648924,male,bachelor,0
43.294055811834895,56996.449736502895,male,highschool,1
12.88864690992115,49465.37776553775,female,master,0
37.356145581085656,25773.022761417356,male,master,0
42.708651938869664,67471.09031685758,male,master,1
20.214137542201584,38981.12634802926,female,bachelor,0
46.43754043206929,37846.213444784284,male,master,0
38.38496407494414,53008.53795846414,male,master,1
30.847120860991986,67229.56024143074,male,highschool,1
41.32781866106285,34762.67271532405,male,highschool,0
57.70692857804396,50925.197747719576,male,highschool,0
36.81866255058495,56432.24750495859,female,bachelor,0
37.48220586300336,60396.584108947165,female,master,1
30.40639100459756,52646.62332915838,male,highschool,0
26.501556305352082,44494.58241375016,female,highschool,0
43.303358165442454,37586.146690269205,male,highschool,0
26.439161740911327,51292.158245695624,male,master,0
35.715662372193925,33917.9148202159,male,master,0
30.223425532348834,6179.742747580887,male,master,0
39.78979825746392,56548.39706236502,male,bachelor,1
38.33662105286948,63559.02261629293,female,bachelor,1
45.375399442578995,14556.01346687242,female,highschool,0
29.89983601145253,34854.03942935094,male,master,0
32.30125064706629,59287.31391507797,female,highschool,1
25.212362842176926,80862.43204567548,male,master,1
30.557067399238882,50311.905615131116,female,master,0
38.77300493044852,39079.955881562986,male,master,0
42.56988616645352,47256.553383427396,female,bachelor,1
25.778346758223748,70623.14628722277,male,bachelor,1
43.6960592010566,40310.53731313197,male,master,0
48.55637858804951,38012.119900246194,female,highschool,0
39.13434903223701,42758.847167269516,female,master,0
53.76795812558066,35700.07087611932,male,master,0
27.26210800896427,51840.054739921936,female,highschool,0
22.55345296688583,74370.17687704341,male,master,1
17.212797510957213,54846.18909674043,female,highschool,0
49.96044311489183,46214.69746810569,female,bachelor,0
41.54365656354058,45622.83096626684,male,bachelor,0
34.44415329089545,26552.137869550144,female,highschool,0
37.799686263198204,63246.646657207384,female,bachelor,1
23.745109527016233,48832.44204480797,male,bachelor,0
59.45751979616826,47292.80129614061,female,highschool,0
36.292211819752275,97896.61351767291,male,bachelor,1
36.09394794604893,54481.2936254853,male,master,1
42.25766623898692,38723.134248572234,male,master,0
39.810092317367136,43604.63605691685,male,highschool,0
37.23884024279131,67226.68563795132,male,bachelor,1
27.095255445546883,51699.056158066465,female,master,0
39.714683571359956,28425.830325239498,male,master,0
53.82024496475034,63788.43401862805,male,bachelor,1
48.454200461549775,39977.83871691509,female,bachelor,0
50.93186626639397,78099.46664326318,female,master,1
29.88784323568815,66200.72098571973,female,master,1
25.10395179741419,43290.17156511873,male,highschool,0
33.74213079900352,69215.2454260267,male,highschool,1
35.557249122886944,51017.83265791105,male,master,1
45.94191518470949,62791.605126833296,female,highschool,1
18.075353702851807,57270.99225941712,male,master,1
50.29550319460614,37304.6501751369,female,master,0
33.419921014210104,40346.75251523807,male,highschool,0
30.7311893005258,65449.412263717415,female,highschool,1
24.878956247398325,44978.37001840189,male,bachelor,0
18.451433281342307,43945.27305137005,male,bachelor,0
43.231705839619146,35673.16130975971,male,bachelor,0
35.73317967188404,56353.98598390192,female,master,1
22.10039100258946,80937.87378864718,female,highschool,1
22.04921227936384,33987.006286185904,male,master,0
31.642153007098717,50363.29185009137,male,highschool,0
51.69021525289393,71183.30833123144,male,master,1
32.40408648636395,48805.37913131427,female,bachelor,0
19.96857046881894,56785.57694374601,male,bachelor,1
32.54256935914056,34064.0970777968,male,bachelor,0
32.27276430252329,56424.60645811473,male,master,1
8.031133570584284,47192.83602493177,male,highschool,0
34.45705133482188,64785.94993519795,female,highschool,1
32.69065469791322,67810.79077347126,female,bachelor,1
41.96206364813418,88843.45463027922,male,bachelor,1
53.48956094945345,58694.497598203634,male,bachelor,1
46.26565029547757,54886.944748732494,female,bachelor,1
32.31111309445169,52915.76452366004,female,highschool,0
23.934740912583298,44702.505607839674,male,master,0
60.733598032498605,55077.25765192536,female,master,1
35.59218434014488,45568.97884791456,female,master,0
35.13929291912946,52526.91464404421,male,master,0
34.758749128899964,69763.9630341194,female,bachelor,1
36.98084760767855,34901.86152080538,female,bachelor,0
33.556395880760576,67098.17841693568,male,bachelor,1
29.263379931197637,69756.72601009798,male,master,1
29.531410587596078,48228.97209513382,female,bachelor,0
34.672467297840015,18172.17651487108,male,bachelor,0
29.565752288662352,40882.670193583515,female,highschool,0
27.871542173228356,69454.91819841664,male,highschool,1
36.064302276918966,49656.97906551677,female,bachelor,0
32.450227825791444,35010.466515576336,male,highschool,0
50.039929885826886,42428.376181576736,female,highschool,0
8.490301916069882,62609.300397568295,female,bachelor,1
45.91506851922462,58201.00352302069,female,bachelor,1
47.46085192497629,46416.01851245458,male,bachelor,1
14.266097675918505,44497.63382277969,male,bachelor,0
31.573124059196513,44123.62776434267,female,master,0
31.285591340042085,36163.84723252246,female,master,0
20.924883052821787,74230.63534204163,male,bachelor,1
27.221833124091248,45165.192961829904,male,highschool,0
23.894241545341714,68257.37781238244,male,bachelor,1
52.52270443423623,72819.74077883677,male,bachelor,1
44.35678393147461,64974.66347221941,male,highschool,1
47.71555094994159,43525.695309229275,male,master,0
42.21672064043235,56055.95135504914,female,bachelor,1
23.709482287827708,49637.06590413626,male,bachelor,0
29.754797337202262,36444.47208904808,female,master,0
39.89374561227918,54865.389225824045,male,master,1
22.778721911080545,32314.40313260296,male,highschool,0
42.12998430172388,67815.19082692346,female,master,1
32.59674601841865,43030.7405405241,female,master,0
31.251791924504026,53017.39483809259,male,master,0
42.10959968203491,54249.31807319213,female,highschool,0
39.4426331148604,46116.42539443884,female,master,0
31.3903383418092,58800.40702212912,female,master,1
46.59329803364248,42876.44515066213,female,highschool,0
24.189366724001026,63069.45946185866,male,master,1
41.15935606944264,29810.304796298773,female,master,0
40.93101257968384,51895.693693196175,male,highschool,1
31.904535606860097,79083.93498587428,male,bachelor,1
38.26133022242118,34995.03013091638,male,highschool,0
22.48886423614697,39833.82544212723,male,master,0
44.24027019206901,57708.617744883726,female,master,1
33.15097863557011,52693.72672909397,female,master,1
29.772769794809605,55259.45148910339,male,highschool,0
45.49009225836889,57337.80695221495,male,master,1
27.95656309457241,59520.82202842655,male,master,1
20.915387036364404,66645.49762934334,male,highschool,1
19.433708264760963,56147.279853927685,female,bachelor,0
41.06009951345639,46381.13518072186,male,bachelor,0
22.19570647503717,60088.60551804097,female,master,0
52.54794181984364,78498.22902342823,male,highschool,1
14.18070592116278,48010.493804261394,male,master,1
51.96456368290038,35382.06042994038,male,highschool,0
37.11017467202618,66606.2100393046,male,highschool,1
34.032868881296075,48194.282540696026,female,bachelor,0
29.550809131910505,17409.95680978946,female,bachelor,0
38.991361143520706,62711.325157256324,female,highschool,1
34.62365297575152,41970.07721069116,male,master,0
46.03301882016521,48642.00076543759,male,bachelor,0
36.142276486620396,54979.70495853522,female,master,1
36.50301761461878,52857.495196685995,female,bachelor,0
31.36387787786144,60641.77725708559,male,bachelor,1
34.43054376278933,43467.70444145235,male,master,0
38.07801768892059,57696.58697264124,female,bachelor,0
17.898316073433744,46106.79983624124,male,bachelor,0
21.51814577894287,61082.157213312545,male,master,1
42.43264094022715,59230.5122601958,female,bachelor,1
36.708654381279416,35968.41946933107,male,bachelor,0
33.16016663647321,66289.73174262549,female,bachelor,1
35.184339330653934,41960.54832328928,male,master,0
38.47581705361671,62120.86697421718,female,highschool,0
29.602403196906387,55509.30970102011,male,master,1
27.216952745976872,77572.75515192683,female,highschool,1
36.958452550976816,46648.01026442222,female,bachelor,0
25.21627222384968,44760.24805822704,female,highschool,0
39.082527557144715,49708.70591168401,female,master,0
17.974163957621595,45452.303257485866,male,master,0
45.29155637325644,61999.12852913075,male,bachelor,1
39.72597482413043,25755.34087345118,female,highschool,0
37.56029734313876,34194.76371280469,male,bachelor,0
44.82690983945514,33982.9561763121,male,bachelor,0
51.65474444462576,64254.61387960364,male,master,1
45.1437006501813,75659.20058872888,male,highschool,1
16.591257686683548,48433.261721937924,male,highschool,0
22.204230332642986,47467.67415214984,female,highschool,0
28.751814223043212,51050.78244669772,female,highschool,0
35.26091050210834,67428.17453912286,female,bachelor,1
40.17659020469123,36089.70298714139,female,bachelor,0
27.742561868465344,53575.53474102178,male,master,1
36.86766764477078,64627.96444673645,male,bachelor,1
27.446170676466775,57516.41254909768,female,bachelor,1
28.884821970080516,52843.724248981154,male,master,1
20.933389031517777,65015.69138850712,male,master,1
25.767667538890958,9451.515605011446,female,master,0
21.483153943836662,60168.12979296361,male,bachelor,1
25.241267470226674,40188.864753088645,female,bachelor,0
45.536417966078396,22540.506547153145,female,master,0
25.50601111168057,57668.03899287471,male,master,1
61.32382064837391,70604.87817744436,male,master,1
39.93317900880889,47938.27228058462,female,bachelor,0
36.84836123694874,64293.118208044085,female,bachelor,1
26.416422198187867,74184.17386982968,male,highschool,1
42.003098794089915,69723.7168037607,female,bachelor,1
29.243621737622263,74599.46794057089,female,bachelor,1
36.220098146453616,61131.91236607838,female,bachelor,1
60.60084538268795,51131.50458352389,male,master,1
34.0394010027535,25970.512821542474,female,bachelor,0
46.49273326285676,46309.062678050774,male,master,1
27.968235748741126,37351.30107025713,female,highschool,0
34.65011509503038,82564.1407624672,male,highschool,1
52.7080063563551,47361.712813514954,female,master,0
28.730329422122324,51848.072101767284,male,master,1
53.12448557996929,58272.280640607016,male,master,1
42.07751935455475,50654.03669558681,male,bachelor,0
29.375332241057322,75425.7656064613,female,highschool,1
41.32407739055521,40660.25957398322,female,master,0
44.7255444962673,52919.11182855864,female,bachelor,0
41.21809962217196,38862.94121452927,male,highschool,0
19.297752801095434,30199.662331689415,female,bachelor,0
27.728628241751316,40823.46363642072,male,highschool,0
32.52481364448495,49444.44804427382,female,bachelor,0
34.25566570899954,43560.4666322411,male,highschool,0
41.206720975506784,39613.68530189216,male,highschool,0
36.777010009332535,28905.23804492249,male,bachelor,0
21.64655641289899,48753.41641056958,female,master,0
38.801978510059634,27429.194389534965,female,highschool,0
41.10585745283823,61400.83945534404,female,master,1
40.5979044793104,51236.59629401755,male,bachelor,0
45.807807255546216,28136.72750802604,male,master,0
43.33922154548904,45361.863844252046,female,master,0
39.59180079228437,38717.65391614125,female,master,0
34.29834288541353,54787.61765628771,female,master,1
18.390390664840087,70106.75669034716,male,master,1
39.296182191325855,21872.41295531383,male,highschool,0
37.076876871631114,51725.39118721126,male,highschool,1
37.715788371953735,47598.00806650039,male,highschool,0
22.232514241796906,60070.101146756984,male,bachelor,1
24.189434595917376,53197.94942356534,female,master,0
45.53152853332904,38720.460023917716,male,highschool,0
34.60444846143345,45214.19096500073,male,bachelor,0
41.81500697372624,38059.612147947664,male,highschool,0
35.28318376130461,66140.10707897898,male,highschool,1
35.297561394957455,50319.67473007913,male,master,0
44.382838059759976,78517.86028629511,female,bachelor,1
29.839552717826262,49090.08779278069,male,master,0
35.96120776940983,39373.898496343056,male,master,0
30.377247112949576,27294.28411080759,male,highschool,0
30.655037725676845,22952.904856160825,female,master,0
31.908278765313607,26237.960854917652,female,bachelor,0
37.22133771633713,54006.89976517225,female,master,1
30.212513783365225,57630.87534844901,male,master,1
47.55756125573521,26282.139469518,female,master,0
26.053926977804963,63425.57471114173,male,highschool,1
33.13128355838641,42754.08422474841,male,bachelor,0
30.60268941725825,52201.89517978324,female,highschool,0
49.46977884353733,74183.30942383136,male,highschool,1
36.965547765115744,63452.58973798298,male,highschool,1
45.31844539468635,45972.04028141251,male,highschool,0
20.14439626963028,36632.11661877069,female,highschool,0
37.67050265869259,17722.768980060428,male,bachelor,0
43.89630795623437,39212.7002113637,male,master,0
35.82283989275424,46833.046417584585,female,highschool,0
45.654803750653514,35192.30709273224,male,highschool,0
29.827115498996278,48031.145493615426,male,bachelor,0
49.0934744018558,51152.77824438152,female,bachelor,0
57.9889812361925,46627.16027287882,male,master,1
31.37161439560341,40249.961287648104,male,bachelor,0
30.54497478599228,52529.82007950092,male,master,0
49.53384477117701,56629.109743541136,male,highschool,1
50.795721457307124,33644.01383835731,male,highschool,0
29.771399728467316,71163.98569619405,female,master,1
30.798131829041427,48521.17801573608,female,bachelor,0
32.18215391139493,50282.744344172716,female,master,0
21.55549488965723,60623.21634884836,female,bachelor,1
25.813480535158018,53498.24196895253,male,highschool,0
24.95859233247932,64297.04950869868,male,bachelor,1
27.322024348958713,54306.86247802736,male,master,1
34.65315112613219,40813.43938039343,male,master,0
37.342147325365204,55422.55287809153,male,highschool,0
50.50500492814077,32844.10689019007,female,bachelor,0
25.01645959261209,51628.39558664785,female,bachelor,0
44.843223984765835,49501.550140333085,male,bachelor,0
32.86011155774491,46878.2471409119,male,highschool,0
34.50536290347567,48071.93732841604,male,bachelor,0
41.74819492166604,21772.264317535413,female,master,0
23.772779784377015,41769.12638388558,male,bachelor,0
38.82409746184051,51392.673517116724,male,highschool,1
36.66452208213056,52397.84587996101,male,bachelor,1
39.92451264008149,34584.87288611063,female,bachelor,0
37.89168643907818,68985.61761297051,male,master,1
59.55300139910894,37007.377276782485,female,bachelor,0
28.62260015748684,64541.85800790105,female,master,1
29.690030449981823,56407.91542807527,female,master,1
28.768594735752355,40306.59035234295,female,highschool,0
29.445228808397452,76629.66338914268,female,master,1
28.626128726934823,32095.447523652798,female,master,0
46.89016531107552,63787.31260415002,male,highschool,1
49.20504247989855,65008.734770644674,male,master,1
29.29253706250524,39940.69686385033,male,highschool,0
26.676444268957713,70886.97950096492,female,bachelor,1
39.71415556386404,46249.302281015705,male,highschool,0
29.477769557190285,54330.40443919785,female,master,1
41.32931817755511,53904.82758156831,female,highschool,1
37.029230208513,47985.368877941786,female,master,0
19.84255885002768,62162.124097396736,male,bachelor,1
50.47505201330061,61902.33080828319,female,highschool,1
52.95877673095522,23772.02040142729,female,bachelor,0
28.872113095156138,69565.10364317229,male,master,1
31.12298440064016,25062.620179464884,male,master,0
37.85865390724905,65488.19306512486,female,bachelor,1
38.34456789987025,66900.57705241375,female,highschool,1
41.5854427267283,33635.50354677203,male,highschool,0
55.102045387663495,43837.78568068123,male,master,1
33.2305277250595,33414.42997271096,male,bachelor,0
27.017027554615463,46776.18454566897,female,bachelor,0
21.20680771985473,45379.48573721388,male,highschool,0
27.69069960058081,61694.907984040095,male,highschool,1
34.66873027126203,69654.63119179412,male,highschool,1
52.94557863517788,70935.25716184934,female,bachelor,1
29.823887009638284,41567.47960132547,male,highschool,0
37.237879516388986,46861.671893832085,male,highschool,0
34.83577103927248,24748.427116685747,male,master,0
46.88393273448084,37911.94900255717,male,highschool,0
60.26932425873622,64472.77449646186,male,highschool,1
29.691312270796793,74233.74235322347,female,bachelor,1
30.10560557481778,31484.76692180117,female,bachelor,0
45.44160877069072,41113.036112706584,female,master,0
41.81891489626312,49603.91364561609,male,highschool,0
53.46707325736034,54202.4173822941,female,master,1
40.839281853259635,37855.94720117531,female,bachelor,0
31.407079092129404,56360.915666961344,female,master,0
40.90654830692309,42892.409793936255,male,bachelor,0
46.087035805829075,49783.215936825814,male,master,0
43.204821811973645,58194.26372005549,female,master,1
40.07274031107298,50096.33404716407,female,highschool,0
45.666746895891535,43454.21164210147,male,master,0
46.692955904456724,48355.852941112535,male,highschool,0
48.82158991037527,48674.55561191997,female,highschool,0
41.48709887589643,44449.83455176809,male,highschool,0
33.328819196831454,46118.059059993466,female,highschool,0
36.46713686433323,73979.70755757076,male,master,1
47.06508966508357,58413.791719118584,female,bachelor,0
26.83064329012764,45567.795229562595,female,bachelor,0
38.686733088729014,60454.316067661035,male,bachelor,1
31.066611876726395,44992.70765365985,female,master,0
35.28744822934817,67596.86956379961,female,highschool,1
47.78451862607299,55544.63288297141,female,bachelor,1
36.910990680199035,48390.467839936566,male,master,0
35.46436548156149,56715.75388715416,male,highschool,0
21.401438590200808,26436.85771897251,male,bachelor,0
42.46253566027221,33098.48796635292,female,highschool,0
41.45484181141075,32091.12490401417,male,bachelor,0
56.6325472330546,52144.1464214556,female,bachelor,1
31.922217650469992,75987.72499227637,female,bachelor,1
37.19150327663939,83469.50219288949,male,highschool,1
37.49383683710755,59570.76652161136,male,master,1
50.77453279763475,57512.66712416685,female,highschool,1
34.047044676130476,22984.133987708916,female,bachelor,0
37.790215257703395,41859.89300398967,male,highschool,0
41.078965097165394,38183.24372137642,male,master,0
36.86609123156358,40687.28602623326,male,highschool,0
30.535663854494718,47477.84272122815,female,master,0
36.94089992898308,42918.64133454309,female,master,0
45.73631749859772,20310.502844363185,female,highschool,0
24.7348470058894,61218.65384176301,female,bachelor,1
36.32969674146876,33908.854613902906,female,master,0
27.998791850608267,53588.702961667244,male,highschool,0
46.950466289248425,81111.2400462496,male,master,1
19.768130952162252,36209.23112620365,female,bachelor,0
29.410781527284115,12045.687158805056,female,highschool,0
38.772118750645205,45709.936671798336,male,highschool,0
50.65524029234341,66514.39452497856,male,highschool,1
34.34249738927012,79375.21181330891,male,bachelor,1
29.448004733068018,31556.756083213746,male,master,0
53.8115706944059,57450.48834854783,female,highschool,1
20.51986099583756,43020.3431482992,male,master,0
13.011940433799182,48410.774685437966,female,master,0
39.40014450053332,89665.15020525552,male,bachelor,1
29.979457756473888,27455.4450740727,male,highschool,0
24.78767182869287,53806.094922418604,male,master,1
42.08356447299353,57015.3975764815,female,highschool,1
37.43800713771199,66286.7948740902,female,highschool,1
29.359213692632714,51469.747302063435,male,bachelor,0
22.196956013291057,54620.75809256153,female,highschool,0
43.724573282801444,44125.271488673134,female,highschool,0
41.50201177958661,54036.90411867661,male,master,1
34.00824136220617,44852.11586753884,male,bachelor,0
53.466369960476655,59323.57834784076,female,highschool,1
24.299152336738473,44455.84495934549,female,master,0
19.74474829075261,55656.505908532796,female,bachelor,0
28.080919301187556,49561.057794725326,male,bachelor,0
34.54413983644502,66890.75376158251,male,master,1
37.43339449322692,49229.094146172705,female,master,1
32.5876394214367,23404.512976896778,male,master,0
38.520553965142966,68928.82251070987,male,master,1
22.48460575809556,36414.015487060715,female,master,0
49.437646040732595,40193.504920267704,female,highschool,0
34.178488216074314,41065.08058934762,male,highschool,0
46.172958315881274,70616.57139756226,male,bachelor,1
38.42725346377704,17964.886790319568,female,highschool,0
39.567532191537836,97066.22800489991,male,highschool,1
40.69767280232204,65840.85213599078,male,highschool,1
39.47708560017315,53348.5837119374,female,master,1
41.42722759867544,49176.5899907557,female,bachelor,0
48.29152530132431,54283.311122864856,male,bachelor,1
36.9652116970147,57816.836425690075,male,bachelor,1
42.09003757588512,59678.23378925085,male,bachelor,1
34.102643057127736,58334.066990051724,female,highschool,1
49.40117215449473,51343.71021882873,male,highschool,1
28.2360769794073,47039.923695390105,male,master,0
53.00940432910816,47730.90074519732,female,bachelor,0
34.59842049355657,47076.375794709784,female,highschool,0
20.69224897881952,67006.55145300596,male,highschool,1
36.28104414910789,58903.35083421293,female,master,1
28.18948342525119,5894.170480035798,female,master,0
43.406435489887244,59838.51164794641,male,master,1
28.473760206976092,52921.04292078162,female,highschool,1
30.538165667852205,49719.36865331154,female,highschool,0
16.104592690544692,44172.22320366671,male,master,0
30.476936807509233,66861.6907997902,female,bachelor,1
10.761206733710434,64212.89693184287,male,master,1
19.16097176514277,38406.834982645865,male,master,0
42.604146561442974,56105.78430686802,female,master,1
42.85800158650832,35425.14898188071,female,master,0
39.254575617849646,29305.727528166044,female,highschool,0
25.33023856870787,40599.24163115052,male,bachelor,0
34.5228864385802,62935.902085741385,female,master,1
34.963974609094315,64296.8756806413,male,bachelor,1
23.416353108074574,57696.28130145939,female,bachelor,1
50.0339830176715,60876.43680271995,female,bachelor,1
43.77362290575671,57742.67430672437,female,master,1
32.79035826170336,40377.77607165572,male,highschool,0
35.26885838994531,56478.83817010911,female,master,0
37.08382807947552,62006.14287841524,female,bachelor,1
14.582651315757094,61314.36994720361,male,bachelor,1
32.52822617479403,67833.70057211965,male,highschool,1
28.180157520022014,60624.55770801596,female,master,1
24.983799901050844,55271.72311312374,female,bachelor,1
32.18899707114045,66052.25357474641,female,highschool,1
52.976865268495224,49602.1811112641,male,bachelor,1
41.4084286126701,36771.88023158423,male,highschool,0
29.28821010217203,47553.99554084354,male,highschool,0
40.72582781356159,38826.46032790326,male,master,0
